{
    "Agent": {
        "total": 0.2814023494720459
    },
    "Env": {
        "apply_act": 14.270524024963379,
        "observation_computation": 2.3364083766937256,
        "powerflow_computation": 12.29041576385498,
        "total": 28.897348165512085
    },
    "total": 31.241816520690918
}