{
    "BaseAgent": {
        "total": 0.06399703025817871
    },
    "Env": {
        "apply_act": 10.117043018341064,
        "observation_computation": 46.68878936767578,
        "powerflow_computation": 8.203710556030273,
        "total": 65.00954294204712
    },
    "total": 66.14971685409546
}