{
    "Agent": {
        "total": 0.2591817378997803
    },
    "Env": {
        "apply_act": 3.884381055831909,
        "observation_computation": 2.6209635734558105,
        "powerflow_computation": 11.041769981384277,
        "total": 17.547114610671997
    },
    "total": 19.91767144203186
}