{
    "Agent": {
        "total": 0.10990762710571289
    },
    "Env": {
        "apply_act": 4.9581098556518555,
        "observation_computation": 0.8627114295959473,
        "powerflow_computation": 3.8579165935516357,
        "total": 9.678737878799438
    },
    "total": 10.497413873672485
}