{
    "Agent": {
        "total": 0.04889345169067383
    },
    "Env": {
        "apply_act": 2.8982582092285156,
        "observation_computation": 0.49585437774658203,
        "powerflow_computation": 2.3754384517669678,
        "total": 5.769551038742065
    },
    "total": 6.2263500690460205
}