{
    "Agent": {
        "total": 0.0717473030090332
    },
    "Env": {
        "apply_act": 3.4598264694213867,
        "observation_computation": 0.5628798007965088,
        "powerflow_computation": 2.7608954906463623,
        "total": 6.783601760864258
    },
    "total": 7.412379264831543
}