{
    "Agent": {
        "total": 0.37895679473876953
    },
    "Env": {
        "apply_act": 18.040538787841797,
        "observation_computation": 2.991786241531372,
        "powerflow_computation": 15.505626201629639,
        "total": 36.53795123100281
    },
    "total": 39.54450082778931
}