{
    "Agent": {
        "total": 0.24559974670410156
    },
    "Env": {
        "apply_act": 13.334040641784668,
        "observation_computation": 2.2229154109954834,
        "powerflow_computation": 10.637215375900269,
        "total": 26.19417142868042
    },
    "total": 28.329495906829834
}