{
    "Agent": {
        "total": 0.26955652236938477
    },
    "Env": {
        "apply_act": 12.677901029586792,
        "observation_computation": 2.0365307331085205,
        "powerflow_computation": 10.716396808624268,
        "total": 25.43082857131958
    },
    "total": 27.592665910720825
}